"Rank","Player","Team","Position","Points","Games","Avg"
"1","Josh Jacobs","LV","RB","31.9","1","31.9"
"2","Russell Wilson","SEA","QB","31.8","1","31.8"
"3","Aaron Rodgers","GB","QB","30.8","1","30.8"
"4","Josh Allen","BUF","QB","28.2","1","28.2"
"5","Davante Adams","GB","WR","27.6","1","27.6"
"6","Lamar Jackson","BAL","QB","27.5","1","27.5"
"7","Kyler Murray","ARI","QB","27.3","1","27.3"
"8","Cam Newton","NE","QB","25.7","1","25.7"
"9","Christian McCaffrey","CAR","RB","25.4","1","25.4"
"10","Adam Thielen","MIN","WR","25.0","1","25.0"
"11","Matt Ryan","ATL","QB","24.9","1","24.9"
"11","Calvin Ridley","ATL","WR","24.9","1","24.9"
"13","Ezekiel Elliott","DAL","RB","24.7","1","24.7"
"14","Mitchell Trubisky","CHI","QB","24.3","1","24.3"
"15","Malcolm Brown","LAR","RB","23.0","1","23.0"
"16","Kirk Cousins","MIN","QB","22.8","1","22.8"
"17","Tom Brady","TB","QB","22.5","1","22.5"
"18","Darius Slayton","NYG","WR","22.2","1","22.2"
"19","Ben Roethlisberger","PIT","QB","22.1","1","22.1"
"20","Deshaun Watson","HOU","QB","21.8","1","21.8"
"21","Raheem Mostert","SF","RB","21.1","1","21.1"
"22","Dalvin Cook","MIN","RB","20.8","1","20.8"
"22","Gardner Minshew II","JAC","QB","20.8","1","20.8"
"24","Patrick Mahomes II","KC","QB","20.4","1","20.4"
"25","Clyde Edwards-Helaire","KC","RB","19.8","1","19.8"
"26","Robby Anderson","CAR","WR","19.5","1","19.5"
"27","Teddy Bridgewater","CAR","QB","19.4","1","19.4"
"27","Daniel Jones","NYG","QB","19.4","1","19.4"
"27","Ryan Tannehill","TEN","QB","19.4","1","19.4"
"30","Jimmy Garoppolo","SF","QB","19.3","1","19.3"
"30","Nyheim Hines","IND","RB","19.3","1","19.3"
"32","JuJu Smith-Schuster","PIT","WR","18.9","1","18.9"
"33","Alvin Kamara","NO","RB","18.7","1","18.7"
"34","Chris Carson","SEA","RB","18.6","1","18.6"
"35","Mark Andrews","BAL","TE","17.8","1","17.8"
"36","Dak Prescott","DAL","QB","17.6","1","17.6"
"37","Jamison Crowder","NYJ","WR","17.5","1","17.5"
"38","Joe Burrow","CIN","QB","17.3","1","17.3"
"39","Matthew Stafford","DET","QB","17.2","1","17.2"
"40","David Johnson","HOU","RB","16.9","1","16.9"
"41","Philip Rivers","IND","QB","16.8","1","16.8"
"42","Dallas Goedert","PHI","TE","16.1","1","16.1"
"43","Julio Jones","ATL","WR","15.7","1","15.7"
"44","Marquez Valdes-Scantling","GB","WR","15.6","1","15.6"
"45","D.K. Metcalf","SEA","WR","15.5","1","15.5"
"46","DeAndre Hopkins","ARI","WR","15.1","1","15.1"
"47","Baltimore Ravens","BAL","DST","15.0","1","15.0"
"47","New Orleans Saints","NO","DST","15.0","1","15.0"
"47","Carson Wentz","PHI","QB","15.0","1","15.0"
"47","Washington Football Team","WAS","DST","15.0","1","15.0"
"51","Peyton Barber","WAS","RB","14.9","1","14.9"
"52","Sammy Watkins","KC","WR","14.5","1","14.5"
"53","Drew Brees","NO","QB","14.4","1","14.4"
"54","Allen Lazard","GB","WR","14.2","1","14.2"
"54","J.K. Dobbins","BAL","RB","14.2","1","14.2"
"56","Noah Fant","DEN","TE","14.1","1","14.1"
"57","Anthony Miller","CHI","WR","13.6","1","13.6"
"57","Aaron Jones","GB","RB","13.6","1","13.6"
"57","Derek Carr","LV","QB","13.6","1","13.6"
"60","Derrick Henry","TEN","RB","13.1","1","13.1"
"60","Drew Lock","DEN","QB","13.1","1","13.1"
"62","John Brown","BUF","WR","13.0","1","13.0"
"63","Dwayne Haskins","WAS","QB","12.8","1","12.8"
"64","Melvin Gordon III","DEN","RB","12.6","1","12.6"
"65","Kenyan Drake","ARI","RB","12.5","1","12.5"
"66","Willie Snead IV","BAL","WR","12.4","1","12.4"
"67","Sam Darnold","NYJ","QB","12.2","1","12.2"
"68","Daniel Carlson","LV","K","12.0","1","12.0"
"68","Joshua Kelley","LAC","RB","12.0","1","12.0"
"68","Joey Slye","CAR","K","12.0","1","12.0"
"68","Josh Lambo","JAC","K","12.0","1","12.0"
"68","Mason Crosby","GB","K","12.0","1","12.0"
"68","Matt Prater","DET","K","12.0","1","12.0"
"74","Robert Woods","LAR","WR","11.9","1","11.9"
"75","Todd Gurley II","ATL","RB","11.7","1","11.7"
"76","T.J. Hockenson","DET","TE","11.6","1","11.6"
"77","Jared Goff","LAR","QB","11.5","1","11.5"
"78","Russell Gage","ATL","WR","11.4","1","11.4"
"78","Adrian Peterson","DET","RB","11.4","1","11.4"
"80","Benny Snell Jr.","PIT","RB","11.3","1","11.3"
"81","Will Fuller V","HOU","WR","11.2","1","11.2"
"82","David Njoku","CLE","TE","11.0","1","11.0"
"82","Travis Kelce","KC","TE","11.0","1","11.0"
"82","Michael Badgley","LAC","K","11.0","1","11.0"
"82","New England Patriots","NE","DST","11.0","1","11.0"
"82","Los Angeles Chargers","LAC","DST","11.0","1","11.0"
"87","Baker Mayfield","CLE","QB","10.9","1","10.9"
"88","Laviska Shenault Jr.","JAC","WR","10.7","1","10.7"
"88","Keelan Cole","JAC","WR","10.7","1","10.7"
"90","Tyreek Hill","KC","WR","10.6","1","10.6"
"91","Chase Edmonds","ARI","RB","10.5","1","10.5"
"92","Jerick McKinnon","SF","RB","10.4","1","10.4"
"93","Marquise Brown","BAL","WR","10.1","1","10.1"
"93","Corey Davis","TEN","WR","10.1","1","10.1"
"95","Harrison Butker","KC","K","10.0","1","10.0"
"95","Wil Lutz","NO","K","10.0","1","10.0"
"95","Robbie Gould","SF","K","10.0","1","10.0"
"95","Dustin Hopkins","WAS","K","10.0","1","10.0"
"95","Randy Bullock","CIN","K","10.0","1","10.0"
"100","Jordan Akins","HOU","TE","9.9","1","9.9"
"101","Sony Michel","NE","RB","9.7","1","9.7"
"101","Logan Thomas","WAS","TE","9.7","1","9.7"
"103","Jonnu Smith","TEN","TE","9.6","1","9.6"
"103","O.J. Howard","TB","TE","9.6","1","9.6"
"105","James Washington","PIT","WR","9.4","1","9.4"
"106","Tyler Lockett","SEA","WR","9.2","1","9.2"
"107","James Robinson","JAC","RB","9.0","1","9.0"
"107","Tyrod Taylor","LAC","QB","9.0","1","9.0"
"107","Justin Tucker","BAL","K","9.0","1","9.0"
"107","Chris Boswell","PIT","K","9.0","1","9.0"
"107","Cairo Santos","CHI","K","9.0","1","9.0"
"107","Jason Myers","SEA","K","9.0","1","9.0"
"107","Younghoe Koo","ATL","K","9.0","1","9.0"
"107","Tyler Bass","BUF","K","9.0","1","9.0"
"115","Jonathan Taylor","IND","RB","8.9","1","8.9"
"116","Zack Moss","BUF","RB","8.7","1","8.7"
"116","Austin Ekeler","LAC","RB","8.7","1","8.7"
"118","Stefon Diggs","BUF","WR","8.6","1","8.6"
"119","D.J. Chark Jr.","JAC","WR","8.5","1","8.5"
"119","Jimmy Graham","CHI","TE","8.5","1","8.5"
"121","Greg Olsen","SEA","TE","8.4","1","8.4"
"121","Ryan Fitzpatrick","MIA","QB","8.4","1","8.4"
"123","D'Andre Swift","DET","RB","8.3","1","8.3"
"123","Nelson Agholor","LV","WR","8.3","1","8.3"
"123","Carlos Hyde","SEA","RB","8.3","1","8.3"
"126","Josh Adams","NYJ","RB","8.2","1","8.2"
"126","Ronald Jones II","TB","RB","8.2","1","8.2"
"128","Danny Amendola","DET","WR","8.1","1","8.1"
"128","Amari Cooper","DAL","WR","8.1","1","8.1"
"128","Kareem Hunt","CLE","RB","8.1","1","8.1"
"131","Julian Edelman","NE","WR","8.0","1","8.0"
"131","Parris Campbell","IND","WR","8.0","1","8.0"
"131","Jared Cook","NO","TE","8.0","1","8.0"
"131","Alexander Mattison","MIN","RB","8.0","1","8.0"
"131","Zane Gonzalez","ARI","K","8.0","1","8.0"
"131","Buffalo Bills","BUF","DST","8.0","1","8.0"
"131","Rodrigo Blankenship","IND","K","8.0","1","8.0"
"131","Sam Sloman","LAR","K","8.0","1","8.0"
"131","Pittsburgh Steelers","PIT","DST","8.0","1","8.0"
"140","Scotty Miller","TB","WR","7.9","1","7.9"
"140","Chris Godwin","TB","WR","7.9","1","7.9"
"142","Zach Ertz","PHI","TE","7.8","1","7.8"
"143","Emmanuel Sanders","NO","WR","7.5","1","7.5"
"144","David Montgomery","CHI","RB","7.4","1","7.4"
"145","Hunter Henry","LAC","TE","7.3","1","7.3"
"145","Allen Robinson II","CHI","WR","7.3","1","7.3"
"147","New York Jets","NYJ","DST","7.0","1","7.0"
"147","Kansas City Chiefs","KC","DST","7.0","1","7.0"
"149","Mike Williams","LAC","WR","6.9","1","6.9"
"150","Jordan Howard","MIA","RB","6.7","1","6.7"
"151","Myles Gaskin","MIA","RB","6.6","1","6.6"
"151","Saquon Barkley","NYG","RB","6.6","1","6.6"
"151","Henry Ruggs III","LV","WR","6.6","1","6.6"
"154","Mike Evans","TB","WR","6.2","1","6.2"
"155","MyCole Pruitt","TEN","TE","6.1","1","6.1"
"155","Javon Wims","CHI","WR","6.1","1","6.1"
"155","Terry McLaurin","WAS","WR","6.1","1","6.1"
"155","Jarvis Landry","CLE","WR","6.1","1","6.1"
"159","Jacksonville Jaguars","JAC","DST","6.0","1","6.0"
"159","Seattle Seahawks","SEA","DST","6.0","1","6.0"
"161","CeeDee Lamb","DAL","WR","5.9","1","5.9"
"162","Cole Beasley","BUF","WR","5.8","1","5.8"
"163","Olabisi Johnson","MIN","WR","5.6","1","5.6"
"163","Marlon Mack","IND","RB","5.6","1","5.6"
"163","Jerry Jeudy","DEN","WR","5.6","1","5.6"
"166","Marvin Jones Jr.","DET","WR","5.5","1","5.5"
"166","Jalen Reagor","PHI","WR","5.5","1","5.5"
"168","D.J. Moore","CAR","WR","5.4","1","5.4"
"168","Boston Scott","PHI","RB","5.4","1","5.4"
"170","Devin Singletary","BUF","RB","5.3","1","5.3"
"170","George Kittle","SF","TE","5.3","1","5.3"
"170","T.Y. Hilton","IND","WR","5.3","1","5.3"
"173","James White","NE","RB","5.2","1","5.2"
"173","Devontae Booker","LV","RB","5.2","1","5.2"
"175","Joe Mixon","CIN","RB","5.1","1","5.1"
"175","A.J. Green","CIN","WR","5.1","1","5.1"
"177","Steven Sims","WAS","WR","5.0","1","5.0"
"177","Michael Gallup","DAL","WR","5.0","1","5.0"
"177","Greg Zuerlein","DAL","K","5.0","1","5.0"
"177","Sam Ficken","NYJ","K","5.0","1","5.0"
"177","Ryan Succop","TB","K","5.0","1","5.0"
"177","Jake Elliott","PHI","K","5.0","1","5.0"
"177","Green Bay Packers","GB","DST","5.0","1","5.0"
"184","Jack Doyle","IND","TE","4.9","1","4.9"
"185","Kyle Juszczyk","SF","RB","4.8","1","4.8"
"185","Latavius Murray","NO","RB","4.8","1","4.8"
"187","Adam Humphries","TEN","WR","4.7","1","4.7"
"187","Sterling Shepard","NYG","WR","4.7","1","4.7"
"187","Tarik Cohen","CHI","RB","4.7","1","4.7"
"187","DeVante Parker","MIA","WR","4.7","1","4.7"
"187","Chase Claypool","PIT","WR","4.7","1","4.7"
"192","DeSean Jackson","PHI","WR","4.6","1","4.6"
"192","Le'Veon Bell","NYJ","RB","4.6","1","4.6"
"192","Nick Chubb","CLE","RB","4.6","1","4.6"
"195","C.J. Uzomah","CIN","TE","4.5","1","4.5"
"195","Darren Waller","LV","TE","4.5","1","4.5"
"197","Tyler Ervin","GB","RB","4.4","1","4.4"
"197","Antonio Gibson","WAS","RB","4.4","1","4.4"
"199","Cam Akers","LAR","RB","4.3","1","4.3"
"199","Quintez Cephus","DET","WR","4.3","1","4.3"
"199","Curtis Samuel","CAR","WR","4.3","1","4.3"
"202","Jamaal Williams","GB","RB","4.2","1","4.2"
"202","Taysom Hill","NO","QB","4.2","1","4.2"
"204","Preston Williams","MIA","WR","4.1","1","4.1"
"205","Cooper Kupp","LAR","WR","4.0","1","4.0"
"205","David Moore","SEA","WR","4.0","1","4.0"
"205","Tyler Higbee","LAR","TE","4.0","1","4.0"
"205","Arizona Cardinals","ARI","DST","4.0","1","4.0"
"205","San Francisco 49ers","SF","DST","4.0","1","4.0"
"205","Indianapolis Colts","IND","DST","4.0","1","4.0"
"205","Dan Bailey","MIN","K","4.0","1","4.0"
"205","Stephen Gostkowski","TEN","K","4.0","1","4.0"
"205","Graham Gano","NYG","K","4.0","1","4.0"
"205","Los Angeles Rams","LAR","DST","4.0","1","4.0"
"205","Jason Sanders","MIA","K","4.0","1","4.0"
"205","New York Giants","NYG","DST","4.0","1","4.0"
"205","Dallas Cowboys","DAL","DST","4.0","1","4.0"
"218","A.J. Brown","TEN","WR","3.9","1","3.9"
"219","Hayden Hurst","ATL","TE","3.8","1","3.8"
"219","Darnell Mooney","CHI","WR","3.8","1","3.8"
"221","Keenan Allen","LAC","WR","3.7","1","3.7"
"221","Miles Boykin","BAL","WR","3.7","1","3.7"
"221","Diontae Johnson","PIT","WR","3.7","1","3.7"
"224","Phillip Lindsay","DEN","RB","3.5","1","3.5"
"225","Kendrick Bourne","SF","WR","3.4","1","3.4"
"225","Larry Fitzgerald","ARI","WR","3.4","1","3.4"
"227","Tyler Boyd","CIN","WR","3.3","1","3.3"
"228","Tony Pollard","DAL","RB","3.2","1","3.2"
"228","Rex Burkhead","NE","RB","3.2","1","3.2"
"228","J.J. Taylor","NE","RB","3.2","1","3.2"
"231","Greg Ward","PHI","WR","3.1","1","3.1"
"231","Van Jefferson","LAR","WR","3.1","1","3.1"
"231","Cordarrelle Patterson","CHI","WR","3.1","1","3.1"
"234","Tennessee Titans","TEN","DST","3.0","1","3.0"
"234","Nick Folk","NE","K","3.0","1","3.0"
"234","Mike Gesicki","MIA","TE","3.0","1","3.0"
"234","Philadelphia Eagles","PHI","DST","3.0","1","3.0"
"234","Darrel Williams","KC","RB","3.0","1","3.0"
"234","Chicago Bears","CHI","DST","3.0","1","3.0"
"234","Cincinnati Bengals","CIN","DST","3.0","1","3.0"
"241","Mark Ingram II","BAL","RB","2.9","1","2.9"
"241","Tim Patrick","DEN","WR","2.9","1","2.9"
"243","Giovani Bernard","CIN","RB","2.8","1","2.8"
"243","Kyle Rudolph","MIN","TE","2.8","1","2.8"
"245","Marvin Hall","DET","WR","2.6","1","2.6"
"245","Dawson Knox","BUF","TE","2.6","1","2.6"
"245","Deonte Harris","NO","WR","2.6","1","2.6"
"245","Justin Jefferson","MIN","WR","2.6","1","2.6"
"249","Jakeem Grant","MIA","WR","2.5","1","2.5"
"249","Ryan Izzo","NE","TE","2.5","1","2.5"
"251","Frank Gore","NYJ","RB","2.4","1","2.4"
"251","Tevin Coleman","SF","RB","2.4","1","2.4"
"253","Randall Cobb","HOU","WR","2.3","1","2.3"
"254","Odell Beckham Jr.","CLE","WR","2.2","1","2.2"
"254","Matt Breida","MIA","RB","2.2","1","2.2"
"256","Dan Arnold","ARI","TE","2.1","1","2.1"
"256","Dontrelle Inman","WAS","WR","2.1","1","2.1"
"256","Hunter Renfrow","LV","WR","2.1","1","2.1"
"256","Corey Clement","PHI","RB","2.1","1","2.1"
"260","Mo Alie-Cox","IND","TE","2.0","1","2.0"
"260","Brandon McManus","DEN","K","2.0","1","2.0"
"260","Demarcus Robinson","KC","WR","2.0","1","2.0"
"260","Brian Hill","ATL","RB","2.0","1","2.0"
"260","Brandin Cooks","HOU","WR","2.0","1","2.0"
"260","Miami Dolphins","MIA","DST","2.0","1","2.0"
"260","Denver Broncos","DEN","DST","2.0","1","2.0"
"260","Ka'imi Fairbairn","HOU","K","2.0","1","2.0"
"268","Leonard Fournette","TB","RB","1.9","1","1.9"
"268","Darren Fells","HOU","TE","1.9","1","1.9"
"268","N'Keal Harry","NE","WR","1.9","1","1.9"
"271","Eric Ebron","PIT","TE","1.8","1","1.8"
"271","Zach Pascal","IND","WR","1.8","1","1.8"
"271","DaeSean Hamilton","DEN","WR","1.8","1","1.8"
"274","Freddie Swain","SEA","WR","1.7","1","1.7"
"274","Kaden Smith","NYG","TE","1.7","1","1.7"
"274","James Conner","PIT","RB","1.7","1","1.7"
"274","Chris Herndon IV","NYJ","TE","1.7","1","1.7"
"274","Josh Reynolds","LAR","WR","1.7","1","1.7"
"274","C.J. Board","NYG","WR","1.7","1","1.7"
"274","Isaiah McKenzie","BUF","WR","1.7","1","1.7"
"274","Gus Edwards","BAL","RB","1.7","1","1.7"
"274","Breshad Perriman","NYJ","WR","1.7","1","1.7"
"274","Michael Thomas","NO","WR","1.7","1","1.7"
"274","Mike Thomas","CIN","WR","1.7","1","1.7"
"274","John Ross","CIN","WR","1.7","1","1.7"
"286","Gabriel Davis","BUF","WR","1.6","1","1.6"
"286","Ian Thomas","CAR","TE","1.6","1","1.6"
"286","Jalen Guyton","LAC","WR","1.6","1","1.6"
"289","Jalen Richard","LV","RB","1.5","1","1.5"
"289","Austin Hooper","CLE","TE","1.5","1","1.5"
"291","Wayne Gallman","NYG","RB","1.4","1","1.4"
"291","Kerryon Johnson","DET","RB","1.4","1","1.4"
"291","Collin Johnson","JAC","WR","1.4","1","1.4"
"291","Duke Johnson Jr.","HOU","RB","1.4","1","1.4"
"291","AJ Dillon","GB","RB","1.4","1","1.4"
"296","Levine Toilolo","NYG","TE","1.3","1","1.3"
"296","Isaiah Ford","MIA","WR","1.3","1","1.3"
"298","Devin Duvernay","BAL","WR","1.2","1","1.2"
"298","Josiah Deguara","GB","TE","1.2","1","1.2"
"298","KhaDarel Hodge","CLE","WR","1.2","1","1.2"
"298","Jordan Reed","SF","TE","1.2","1","1.2"
"298","Blake Jarwin","DAL","TE","1.2","1","1.2"
"298","Royce Freeman","DEN","RB","1.2","1","1.2"
"304","Dalton Schultz","DAL","TE","1.1","1","1.1"
"304","Irv Smith Jr.","MIN","TE","1.1","1","1.1"
"304","Rob Gronkowski","TB","TE","1.1","1","1.1"
"307","Virgil Green","LAC","TE","1.0","1","1.0"
"307","Michael Pittman Jr.","IND","WR","1.0","1","1.0"
"307","Detroit Lions","DET","DST","1.0","1","1.0"
"310","Evan Engram","NYG","TE","0.9","1","0.9"
"310","Bryan Edwards","LV","WR","0.9","1","0.9"
"310","Patrick Laird","MIA","RB","0.9","1","0.9"
"310","Rashard Higgins","CLE","WR","0.9","1","0.9"
"310","Jacob Hollister","SEA","TE","0.9","1","0.9"
"315","Tyler Eifert","JAC","TE","0.8","1","0.8"
"315","Will Dissly","SEA","TE","0.8","1","0.8"
"315","DeAndre Carter","HOU","WR","0.8","1","0.8"
"318","Tyrie Cleveland","DEN","WR","0.7","1","0.7"
"318","Gerald Everett","LAR","TE","0.7","1","0.7"
"318","Drew Sample","CIN","TE","0.7","1","0.7"
"318","Trent Taylor","SF","WR","0.7","1","0.7"
"322","Chris Conley","JAC","WR","0.6","1","0.6"
"322","Chris Thompson","JAC","RB","0.6","1","0.6"
"322","Ito Smith","ATL","RB","0.6","1","0.6"
"322","Mecole Hardman","KC","WR","0.6","1","0.6"
"322","Darrell Henderson","LAR","RB","0.6","1","0.6"
"322","Justin Watson","TB","WR","0.6","1","0.6"
"328","Khari Blasingame","TEN","RB","0.5","1","0.5"
"328","Harrison Bryant","CLE","TE","0.5","1","0.5"
"328","Anthony Firkser","TEN","TE","0.5","1","0.5"
"328","Seth Roberts","CAR","WR","0.5","1","0.5"
"328","D'Ernest Johnson","CLE","RB","0.5","1","0.5"
"333","Justin Jackson","LAC","RB","0.4","1","0.4"
"333","Tre'Quan Smith","NO","WR","0.4","1","0.4"
"333","Chris Manhertz","CAR","TE","0.4","1","0.4"
"336","Vance McDonald","PIT","TE","0.3","1","0.3"
"336","Nick Boyle","BAL","TE","0.3","1","0.3"
"336","Robert Griffin III","BAL","QB","0.3","1","0.3"
"336","Travis Homer","SEA","RB","0.3","1","0.3"
"336","Chris Streveler","ARI","QB","0.3","1","0.3"
"336","Jaylen Samuels","PIT","RB","0.3","1","0.3"
"342","Jason Witten","LV","TE","0.2","1","0.2"
"342","Anthony Sherman","KC","RB","0.2","1","0.2"
"342","LeSean McCoy","TB","RB","0.2","1","0.2"
"342","Bruce Miller","JAC","TE","0.2","1","0.2"
"346","Jason Huntley","PHI","RB","0.1","1","0.1"
"346","Alex Armah","CAR","RB","0.1","1","0.1"
"346","Dion Lewis","NYG","RB","0.1","1","0.1"
"349","Jakobi Meyers","NE","WR","0.0","1","0.0"
"349","K.J. Hill","LAC","WR","0.0","1","0.0"
"349","Dan Chisena","MIN","WR","0.0","1","0.0"
"349","Tee Higgins","CIN","WR","0.0","1","0.0"
"349","James Proche","BAL","WR","0.0","1","0.0"
"349","Malik Turner","DAL","WR","0.0","1","0.0"
"349","Joe Reed","LAC","WR","0.0","1","0.0"
"349","Cam Sims","WAS","WR","0.0","1","0.0"
"349","JJ Arcega-Whiteside","PHI","WR","0.0","1","0.0"
"349","Andy Isabella","ARI","WR","0.0","1","0.0"
"349","K.J. Osborn","MIN","WR","0.0","1","0.0"
"349","Olamide Zaccheaus","ATL","WR","0.0","1","0.0"
"349","Nsimba Webster","LAR","WR","0.0","1","0.0"
"349","Malik Taylor","GB","WR","0.0","1","0.0"
"349","Penny Hart","SEA","WR","0.0","1","0.0"
"349","Ashton Dulin","IND","WR","0.0","1","0.0"
"349","Quinton Bell","TB","WR","0.0","1","0.0"
"349","Isaiah Wright","WAS","WR","0.0","1","0.0"
"349","Robert Tonyan","GB","TE","0.0","1","0.0"
"349","Trent Sherfield","ARI","WR","0.0","1","0.0"
"349","Ryan Griffin","NYJ","TE","0.0","1","0.0"
"349","Chandler Cox","MIA","RB","0.0","1","0.0"
"349","Xavier Jones","LAR","RB","0.0","1","0.0"
"349","Scottie Phillips","HOU","RB","0.0","1","0.0"
"349","Rico Dowdle","DAL","RB","0.0","1","0.0"
"349","Reggie Gilliam","BUF","RB","0.0","1","0.0"
"349","Nathan Cottrell","JAC","RB","0.0","1","0.0"
"349","Clark Harris","CIN","TE","0.0","1","0.0"
"349","Marcedes Lewis","GB","TE","0.0","1","0.0"
"349","Luke Stocker","ATL","TE","0.0","1","0.0"
"349","Derek Carrier","LV","TE","0.0","1","0.0"
"349","Luke Willson","SEA","TE","0.0","1","0.0"
"349","Demetrius Harris","CHI","TE","0.0","1","0.0"
"349","Darwin Thompson","KC","RB","0.0","1","0.0"
"349","Richard Rodgers","PHI","TE","0.0","1","0.0"
"349","Cameron Brate","TB","TE","0.0","1","0.0"
"349","Josh Hill","NO","TE","0.0","1","0.0"
"349","Kyle Nelson","SF","TE","0.0","1","0.0"
"349","Maxx Williams","ARI","TE","0.0","1","0.0"
"349","Jesse James","DET","TE","0.0","1","0.0"
"349","Tyler Kroft","BUF","TE","0.0","1","0.0"
"349","Blake Bell","DAL","TE","0.0","1","0.0"
"349","James O'Shaughnessy","JAC","TE","0.0","1","0.0"
"349","Eric Tomlinson","NYG","TE","0.0","1","0.0"
"349","Daniel Brown","NYJ","TE","0.0","1","0.0"
"349","Christian Blake","ATL","WR","0.0","1","0.0"
"349","Jakob Johnson","NE","RB","0.0","1","0.0"
"349","Alec Ingold","LV","RB","0.0","1","0.0"
"349","J.P. Holtz","CHI","TE","0.0","1","0.0"
"349","Mike Davis","CAR","RB","0.0","1","0.0"
"349","Cleveland Browns","CLE","DST","0.0","1","0.0"
"349","Houston Texans","HOU","DST","0.0","1","0.0"
"349","Las Vegas Raiders","LV","DST","0.0","1","0.0"
"349","Tampa Bay Buccaneers","TB","DST","0.0","1","0.0"
"349","Ty Long","LAC","K","0.0","1","0.0"
"349","Austin Seibert","CIN","K","0.0","1","0.0"
"349","Jacoby Brissett","IND","QB","0.0","1","0.0"
"349","John Lovett","GB","QB","0.0","1","0.0"
"349","Taiwan Jones","BUF","RB","0.0","1","0.0"
"349","Keith Smith","ATL","RB","0.0","1","0.0"
"349","Senorise Perry","TEN","RB","0.0","1","0.0"
"349","Ameer Abdullah","MIN","RB","0.0","1","0.0"
"349","Michael Burton","NO","RB","0.0","1","0.0"
"349","Ty Johnson","DET","RB","0.0","1","0.0"
"349","D.J. Foster","ARI","RB","0.0","1","0.0"
"349","Andy Janovich","CLE","RB","0.0","1","0.0"
"349","Derek Watt","PIT","RB","0.0","1","0.0"
"349","C.J. Ham","MIN","RB","0.0","1","0.0"
"349","Samaje Perine","CIN","RB","0.0","1","0.0"
"349","Jeremy McNichols","TEN","RB","0.0","1","0.0"
"349","Jordan Wilkins","IND","RB","0.0","1","0.0"
"349","Trenton Cannon","CAR","RB","0.0","1","0.0"
"349","Buddy Howell","HOU","RB","0.0","1","0.0"
"349","Ryan Nall","CHI","RB","0.0","1","0.0"
"349","Mike Boone","MIN","RB","0.0","1","0.0"
"349","Jeff Wilson Jr.","SF","RB","0.0","1","0.0"
"349","Stephen Anderson","LAC","TE","0.0","1","0.0"
"349","Jake Butt","DEN","TE","0.0","1","0.0"
"349","JoJo Natson","CLE","WR","0.0","1","0.0"
"349","Adam Shaheen","MIA","TE","0.0","1","0.0"
"349","Damiere Byrd","NE","WR","0.0","1","0.0"
"349","Pharoh Cooper","CAR","WR","0.0","1","0.0"
"349","Tajae Sharpe","MIN","WR","0.0","1","0.0"
"349","Alex Erickson","CIN","WR","0.0","1","0.0"
"349","Kalif Raymond","TEN","WR","0.0","1","0.0"
"349","Jaydon Mickens","TB","WR","0.0","1","0.0"
"349","Zay Jones","LV","WR","0.0","1","0.0"
"349","Noah Brown","DAL","WR","0.0","1","0.0"
"349","Mack Hollins","MIA","WR","0.0","1","0.0"
"349","Josh Malone","NYJ","WR","0.0","1","0.0"
"349","Justin Hardee","NO","WR","0.0","1","0.0"
"349","Kenny Stills","HOU","WR","0.0","1","0.0"
"349","Marcus Kemp","KC","WR","0.0","1","0.0"
"349","Brandon Zylstra","CAR","WR","0.0","1","0.0"
"349","Cedrick Wilson","DAL","WR","0.0","1","0.0"
"349","Dante Pettis","SF","WR","0.0","1","0.0"
"349","Christian Kirk","ARI","WR","0.0","1","0.0"
"349","Braxton Berrios","NYJ","WR","0.0","1","0.0"
"349","Richie James Jr.","SF","WR","0.0","1","0.0"
"349","Auden Tate","CIN","WR","0.0","1","0.0"
"349","Ray-Ray McCloud","PIT","WR","0.0","1","0.0"
"349","Damion Ratley","NYG","WR","0.0","1","0.0"
"349","Byron Pringle","KC","WR","0.0","1","0.0"
"349","Brandon Powell","ATL","WR","0.0","1","0.0"
"349","Bennie Fowler III","NO","WR","0.0","1","0.0"
"349","Diontae Spencer","DEN","WR","0.0","1","0.0"
"349","Chris Hogan","NYJ","WR","0.0","1","0.0"
"349","Jace Sternberger","GB","TE","0.0","1","0.0"
"349","Darrell Daniels","ARI","TE","0.0","1","0.0"
"349","Johnny Mundt","LAR","TE","0.0","1","0.0"
"349","Marcus Baugh","WAS","TE","0.0","1","0.0"
"349","Durham Smythe","MIA","TE","0.0","1","0.0"
"349","Tyler Conklin","MIN","TE","0.0","1","0.0"
"349","Ross Dwelley","SF","TE","0.0","1","0.0"
"349","Nick Keizer","KC","TE","0.0","1","0.0"
"349","Jaeden Graham","ATL","TE","0.0","1","0.0"
"349","Foster Moreau","LV","TE","0.0","1","0.0"
"349","Andre Roberts","BUF","WR","0.0","1","0.0"
"349","Trevon Wesco","NYJ","TE","0.0","1","0.0"
"349","Cethan Carter","CIN","TE","0.0","1","0.0"
"349","Antony Auclair","TB","TE","0.0","1","0.0"
"349","Kahale Warring","HOU","TE","0.0","1","0.0"
"349","Stephen Carlson","CLE","TE","0.0","1","0.0"
"349","Cole Kmet","CHI","TE","0.0","1","0.0"
"349","Adam Trautman","NO","TE","0.0","1","0.0"
"349","Jeremy Sprinkle","WAS","TE","0.0","1","0.0"
"349","Devin Asiasi","NE","TE","0.0","1","0.0"
"349","Charlie Woerner","SF","TE","0.0","1","0.0"
"349","Ben Ellefson","JAC","TE","0.0","1","0.0"
"349","Gabe Nabers","LAC","TE","0.0","1","0.0"
"349","Matthew Slater","NE","WR","0.0","1","0.0"
"349","Ted Ginn Jr.","CHI","WR","0.0","1","0.0"
"481","J.D. McKissic","WAS","RB","-0.1","1","-0.1"
"482","Tim Boyle","GB","QB","-0.2","1","-0.2"
"482","John Hightower","PHI","WR","-0.2","1","-0.2"
"484","Ty Montgomery","NO","RB","-0.4","1","-0.4"
"485","Nick Vannett","DEN","TE","-0.6","1","-0.6"
"486","Atlanta Falcons","ATL","DST","-1.0","1","-1.0"
"486","Carolina Panthers","CAR","DST","-1.0","1","-1.0"
"488","Patrick Ricard","BAL","RB","-1.6","1","-1.6"
"489","Minnesota Vikings","MIN","DST","-4.0","1","-4.0"
""
""